ROW_ID,oneway,highway,maxspeed,bridge,service,lanes,access,tunnel,junction,street_light,length,n_observations,bike_speed
0,True,tertiary,30,no,no,1,other,no,no,0.0,325.5373212742292,39.0,
1,True,residential,30,no,no,1,other,no,no,0.0,227.05920366822545,1.0,
2,True,residential,50,no,no,1,other,no,no,0.0,11.524694859187239,16.0,
3,False,residential,50,no,no,1,other,no,no,0.0,56.84899503992341,7.0,
4,False,residential,30,no,no,1,other,no,no,0.0,140.15787729920888,1.0,
5,True,cycleway,50,no,no,1,other,no,no,0.0,418.1134982604118,114.0,
6,False,residential,30,no,no,1,other,no,no,0.0,167.85915065349587,8.0,
7,False,residential,30,no,no,1,other,no,no,0.0,81.64486281198506,4.0,
8,False,residential,30,no,no,1,other,no,no,0.0,260.22316792166714,2.0,
9,False,residential,30,no,no,1,other,no,no,0.0,140.71756082700955,7.0,
10,True,cycleway,50,no,no,1,other,no,no,0.0,25.92742625491475,74.0,
11,False,residential,30,no,no,1,other,no,no,0.0,110.9873784804237,13.0,
12,False,residential,30,no,no,1,other,no,no,0.0,285.58366366508267,8.0,
13,True,cycleway,50,no,no,1,other,no,no,0.0,104.05439540905587,65.0,
14,False,residential,30,no,no,1,other,no,no,0.0,926.5389190518808,17.0,
15,True,residential,30,no,no,1,other,no,no,0.0,16.00484060454798,35.0,
16,False,residential,30,no,no,1,other,no,no,0.0,363.49614438931235,1.0,
17,True,residential,30,no,no,1,other,no,no,0.0,3.535632278325414,3.0,
18,False,residential,30,no,no,1,other,no,no,0.0,415.44805243339914,35.0,
19,True,residential,30,no,no,1,other,no,no,0.0,146.1192035776228,7.0,
21,True,residential,30,no,no,1,other,no,no,0.0,4.223473025969205,9.0,
22,True,residential,50,no,no,1,other,no,no,0.0,53.943381307086355,2.0,
23,False,residential,30,no,no,1,other,no,no,0.0,118.077945323465,2.0,
24,True,residential,30,no,no,1,other,no,no,0.0,117.69819329183164,1.0,
25,False,residential,30,no,no,1,other,no,no,0.0,315.4415697450643,5.0,
26,False,residential,30,no,no,2,other,no,no,0.0,1103.2424032400509,4.0,
27,False,residential,30,no,no,1,other,no,no,0.0,224.66386292602624,20.0,
28,True,cycleway,50,no,no,1,other,no,no,1.0,62.72390149782408,82.0,
29,True,residential,30,no,no,1,other,no,no,0.0,225.68911846620728,3.0,
30,False,tertiary,30,no,no,1,other,no,no,0.0,34.00816845234061,32.0,
31,False,residential,30,no,no,1,other,no,no,0.0,207.958791801033,2.0,
32,False,residential,30,no,no,1,other,no,no,0.0,15.729633333483648,81.0,
33,True,residential,30,no,no,1,other,no,no,0.0,225.82807780978746,3.0,
34,False,residential,30,no,no,2,other,no,no,0.0,756.8468441749051,42.0,
35,False,residential,50,no,no,2,other,no,no,0.0,143.36117066428574,10.0,
36,False,residential,30,no,no,2,other,no,no,0.0,135.19932196342282,53.0,
37,True,residential,30,no,no,1,other,no,no,0.0,62.825548670300705,8.0,
38,False,residential,30,no,no,2,other,no,no,0.0,97.6464680874989,33.0,
39,True,residential,30,no,no,1,other,no,no,0.0,118.86511035878597,1.0,
40,True,residential,30,no,no,1,other,no,no,0.0,212.05598471362345,15.0,
41,True,tertiary,50,no,no,1,other,no,no,0.0,109.37784895061387,4.0,
42,False,residential,30,no,no,2,other,no,no,0.0,14.511673553140715,33.0,
43,False,residential,30,no,no,2,other,no,no,0.0,797.9020464179961,9.0,
44,False,residential,30,no,no,2,other,no,no,0.0,434.91317086552,13.5,
45,True,residential,30,no,no,1,other,no,no,0.0,94.78786915368619,2.0,
46,True,residential,30,no,no,1,other,no,no,0.0,141.29463207698524,10.0,
47,False,residential,30,no,no,2,other,no,no,0.0,11.200468795644941,10.0,
48,False,residential,30,no,no,2,other,no,no,0.0,33.280746167504915,7.0,
49,False,residential,30,no,no,2,other,no,no,0.0,169.00386208403359,7.0,
50,True,residential,30,no,no,1,other,no,no,0.0,72.29558168577988,2.0,
51,True,residential,30,no,no,1,other,no,no,0.0,63.042169369070336,9.0,
52,False,residential,30,no,no,2,other,no,no,0.0,247.792102840528,4.0,
53,True,residential,30,no,no,1,other,no,no,0.0,52.49863027773177,9.0,
54,False,residential,30,no,no,1,other,no,no,0.0,144.09323567394742,11.0,
55,True,residential,30,no,no,1,other,no,no,0.0,82.24112216818119,35.0,
56,False,residential,30,no,no,1,other,no,no,0.0,80.70559101665664,35.0,
57,False,residential,30,no,no,1,other,no,no,0.0,98.89734857095142,55.0,
58,True,residential,30,no,no,1,other,no,no,0.0,87.39986181763953,4.0,
59,True,residential,30,no,no,1,other,no,no,0.0,22.567144012787764,4.0,
60,True,residential,30,no,no,1,other,no,no,0.0,71.17140740306364,2.0,
61,False,residential,30,no,no,1,other,no,no,0.0,125.38698403488797,25.0,
62,True,residential,30,no,no,1,other,no,no,0.0,54.02134351498383,143.0,
63,True,residential,30,no,no,1,other,no,no,0.0,67.67517362679891,6.0,
64,True,residential,30,no,no,1,other,no,no,0.0,175.5678627589566,17.0,
65,True,residential,30,no,no,1,other,no,no,0.0,218.68088839845427,5.0,
66,False,residential,30,no,no,1,other,no,no,0.0,254.07166354458766,71.0,
67,True,residential,30,no,no,1,other,no,no,0.0,228.27421942516233,77.0,
68,False,residential,30,no,no,1,other,no,no,0.0,129.0424806426265,200.0,
69,True,residential,30,no,no,1,other,no,no,0.0,35.47603499970062,95.5,
70,True,residential,30,no,no,1,other,no,no,0.0,49.64233059319834,81.0,
71,True,residential,30,no,no,1,other,no,no,0.0,67.75466379884644,28.0,
72,True,residential,30,no,no,1,other,no,no,0.0,236.8812608865902,11.0,
73,False,residential,30,no,no,1,other,no,no,0.0,153.91762748538184,110.0,
74,True,residential,30,no,no,1,other,no,no,0.0,36.948404261028905,29.0,
75,True,residential,30,no,no,1,other,no,no,0.0,74.50346633448939,36.0,
76,False,residential,30,no,no,1,other,no,no,0.0,77.06951365373764,45.0,
77,True,residential,30,no,no,1,other,no,no,0.0,68.32218322889756,3.0,
78,True,residential,30,no,no,1,other,no,no,0.0,43.442364132842584,31.0,
79,True,residential,30,no,no,1,other,no,no,0.0,38.11407034687546,3.0,
80,False,residential,30,no,no,1,other,no,no,0.0,45.96673490068224,30.0,
81,False,residential,30,no,no,1,other,no,no,0.0,143.0579758060536,5.0,
82,False,residential,30,no,no,1,other,no,no,0.0,37.56300987955879,28.0,
83,True,residential,30,no,no,1,other,no,no,0.0,68.64128618640224,4.0,
84,True,residential,30,no,no,1,other,no,no,0.0,268.27620813636327,1.0,
85,True,residential,30,no,no,1,other,no,no,0.0,89.34006820329539,38.0,
86,True,residential,30,no,no,1,other,no,no,0.0,23.88839431274021,164.0,
87,True,residential,30,no,no,1,other,no,no,0.0,130.87420106108783,10.0,
88,True,residential,30,no,no,1,other,no,no,0.0,96.0920491424585,68.0,
89,True,residential,30,no,no,1,other,no,no,0.0,30.944726634424125,6.0,
90,True,residential,30,no,no,1,other,no,no,0.0,139.33982504131473,3.0,
91,True,residential,30,no,no,1,other,no,no,0.0,88.52400501927453,1.0,
92,True,residential,30,no,no,1,other,no,no,0.0,124.19898604085951,4.0,
93,False,residential,30,no,no,1,other,no,no,0.0,224.17877559130463,4.0,
94,True,residential,30,no,no,1,other,no,no,0.0,129.30452220747927,1.0,
95,True,residential,30,no,no,1,other,no,no,0.0,106.0605770310481,8.0,
97,True,residential,30,no,no,1,other,no,no,0.0,130.9491478805059,10.0,
99,False,cycleway,50,no,no,1,other,no,no,0.0,432.90651792359466,326.0,
100,False,residential,30,no,no,1,other,no,no,0.0,137.75276694713298,1.0,
101,False,residential,30,no,no,1,other,no,no,0.0,192.2312975273609,131.0,
102,False,residential,30,no,no,1,other,no,no,0.0,210.82199990707815,210.0,
103,True,residential,30,no,no,1,other,no,no,0.0,108.93497392486024,11.0,
104,False,residential,30,no,no,1,other,no,no,0.0,126.77066240132277,6.0,
105,False,residential,30,no,no,1,other,no,no,0.0,306.3057560699364,1.0,
106,False,residential,30,no,no,1,other,no,no,0.0,325.78443937562486,11.5,
107,True,residential,30,no,no,1,other,no,no,0.0,167.87401661125472,5.5,
108,True,residential,30,no,no,1,other,no,no,0.0,171.42008204335139,374.0,
109,False,residential,30,no,no,1,other,no,no,0.0,225.88311959032103,27.0,
110,False,residential,30,no,no,1,other,no,no,0.0,165.50022974592372,27.0,
111,False,residential,30,no,no,1,other,no,no,0.0,255.7123319976833,181.0,
112,True,residential,30,no,no,1,other,no,no,0.0,125.04074654267143,2.0,
113,False,residential,30,no,no,1,other,no,no,0.0,337.793299608909,129.0,
114,False,cycleway,50,no,no,1,other,no,no,0.0,44.83028549613899,303.0,
115,True,residential,30,no,no,1,other,no,no,0.0,97.25634220898066,3.0,
116,False,residential,30,no,no,1,other,no,no,0.0,450.73354270951177,60.0,
117,True,residential,30,no,no,1,other,no,no,0.0,475.33945022729364,121.0,
118,False,residential,30,no,no,1,other,no,no,0.0,332.57531591832156,265.5,
119,False,residential,30,no,no,1,other,no,no,0.0,227.0077083008764,12.0,
120,False,residential,30,no,no,1,other,no,no,0.0,146.33573606660394,2.0,
121,False,residential,30,no,no,1,other,no,no,0.0,225.11540081158952,14.0,
122,False,residential,30,no,no,1,other,no,no,0.0,284.8190523259608,235.0,
123,True,residential,30,no,no,1,other,no,no,0.0,99.36539051010104,29.0,
124,True,residential,30,no,no,1,other,no,no,0.0,128.08948527177108,397.0,
125,True,residential,30,no,no,1,other,no,no,0.0,42.75433341946726,110.0,
126,True,secondary,50,no,no,2,other,no,no,1.0,379.96729884636665,11.0,
127,True,secondary,50,no,no,1,other,no,no,0.0,54.58643011491268,6.0,
128,True,residential,30,no,no,1,other,no,no,0.0,41.11883954022139,32.0,
129,True,residential,30,no,no,1,other,no,no,0.0,85.69428150932616,91.0,
130,True,residential,30,no,no,1,other,no,no,0.0,292.257691589219,24.0,
131,True,residential,30,no,no,1,other,no,no,0.0,13.82834572812136,111.5,
132,False,residential,30,no,no,1,other,no,no,0.0,63.33899485953197,280.0,
133,True,residential,30,no,no,1,other,no,no,0.0,88.07136841267888,3.0,
134,True,residential,30,no,no,1,other,no,no,0.0,202.13884561788183,98.0,
135,False,residential,30,no,no,1,other,no,no,0.0,276.71254467681376,176.5,
136,True,residential,30,no,no,1,other,no,no,0.0,87.9163702388464,27.0,
137,True,residential,30,no,no,1,other,no,no,0.0,471.6373358720576,36.0,
138,True,residential,30,no,no,1,other,no,no,1.0,289.8190040286644,156.0,
139,False,residential,30,no,no,1,other,no,no,0.0,64.41402816485991,62.0,
140,True,residential,30,no,no,1,other,no,no,0.0,279.1570844664163,107.0,
141,False,residential,50,no,no,1,other,no,no,0.0,46.59671426159751,9.0,
142,False,residential,30,no,no,1,other,no,no,0.0,309.2931221337176,3.0,
143,False,cycleway,50,no,no,2,other,no,no,0.0,21.721217910087333,215.0,
144,False,residential,30,no,no,1,other,no,no,0.0,60.83493004763366,4.0,
145,True,residential,30,no,no,1,other,no,no,0.0,74.17437488306057,178.0,
146,False,cycleway,50,no,no,2,other,no,no,0.0,199.34687199193823,46.0,
147,True,residential,30,no,no,1,other,no,no,0.0,72.25173069029192,2.0,
148,True,residential,30,no,no,1,other,no,no,0.0,83.37039864265493,18.0,
149,False,residential,50,no,no,1,other,no,no,0.0,31.95872486075418,28.0,
150,True,residential,30,no,no,1,other,no,no,0.0,234.72527358107334,7.5,
151,True,residential,50,no,no,1,other,no,no,0.0,18.274482411631567,164.0,
152,True,residential,50,no,no,1,other,no,no,0.0,30.72029724079367,130.0,
153,True,residential,30,no,no,1,other,no,no,0.0,100.08547448895042,81.0,
154,True,residential,50,no,no,1,other,no,no,1.0,177.77964630205418,77.0,
155,True,residential,30,no,no,1,other,no,no,0.0,158.03469671618475,1.0,
156,False,residential,30,no,no,1,other,no,no,0.0,206.60032244868077,17.0,
157,False,residential,30,no,no,1,other,no,no,0.0,146.98526470210658,4.0,
158,False,residential,30,no,no,1,other,no,no,0.0,304.3274549154049,43.5,
159,False,residential,30,no,no,1,other,no,no,0.0,84.17651030034821,2.0,
160,True,residential,30,no,no,1,other,no,no,0.0,99.19356539035778,91.0,
161,False,residential,30,no,no,1,other,no,no,0.0,22.775862479276867,5.0,
162,True,residential,50,no,no,1,other,no,no,0.0,6.452961517025451,151.0,
163,True,cycleway,50,no,no,1,other,no,no,0.0,17.565718781202193,123.0,
164,True,residential,30,no,no,1,other,no,no,0.0,63.77727837138199,5.0,
165,True,residential,50,no,no,1,other,no,no,0.0,60.52070999516813,46.0,
166,False,residential,30,no,no,1,other,no,no,0.0,71.55458573564519,9.0,
167,False,tertiary,30,no,no,2,other,no,no,0.0,539.5488674817267,350.0,
168,True,residential,30,no,no,1,other,no,no,0.0,154.82794836242118,10.0,
169,True,residential,30,no,no,1,other,no,no,0.0,6.430947607242505,8.0,
170,True,cycleway,50,no,no,1,other,no,no,0.0,14.818824162856295,226.0,
171,True,residential,50,no,no,1,other,no,no,0.0,27.208218966336073,47.0,
172,True,residential,30,no,no,1,other,no,no,0.0,256.5036111039269,77.0,
173,True,residential,30,no,no,1,other,no,no,0.0,272.15805951859915,3.0,
174,False,residential,30,no,no,1,other,no,no,0.0,937.0795759831325,39.0,
175,True,residential,30,no,no,1,other,no,no,0.0,40.23504891276653,9.0,
176,True,residential,30,no,no,1,other,no,no,0.0,69.70510122430967,4.0,
177,False,tertiary,50,no,no,2,other,no,no,1.0,303.44864457531594,201.0,
178,False,residential,30,no,no,1,other,no,no,0.0,163.19529817186324,47.0,
179,False,residential,30,no,no,1,other,no,no,0.0,106.34411959458272,48.0,
180,False,cycleway,50,no,no,1,other,no,no,1.0,270.28995711982424,134.0,
181,True,residential,30,no,no,1,other,no,no,0.0,117.82458288126804,2.0,
182,True,residential,30,no,no,1,other,no,no,0.0,249.08053841319588,4.0,
183,True,residential,30,no,no,1,other,no,no,1.0,60.21840718245637,40.0,
184,False,cycleway,50,no,no,1,other,no,no,1.0,51.44291527474992,67.0,
185,True,residential,30,no,no,1,other,no,no,1.0,73.30479778500704,25.0,
186,False,residential,30,no,no,1,other,no,no,0.0,292.8142828817997,6.5,
187,False,residential,50,no,no,1,other,no,no,0.0,30.057595240551368,21.5,
188,True,residential,30,no,no,1,other,no,no,0.0,113.83371358192187,8.0,
189,False,residential,30,no,no,1,other,no,no,0.0,58.888365083299504,20.0,
190,False,residential,30,no,no,1,other,no,no,0.0,118.33715043051286,32.0,
191,True,residential,30,no,no,1,other,no,no,0.0,68.07482786620925,1.0,
192,False,residential,30,no,no,1,other,no,no,0.0,463.46747583278955,27.5,
193,True,residential,30,no,no,1,other,no,no,0.0,76.0602534102991,29.0,
194,False,residential,30,no,no,1,other,no,no,0.0,111.66614459627988,2.0,
195,False,residential,30,no,no,1,other,no,no,0.0,200.95276727561787,32.0,
196,True,residential,30,no,no,1,other,no,no,0.0,111.17829791758804,1.0,
198,True,residential,30,no,no,1,other,no,no,0.0,196.74660492664663,6.0,
199,False,residential,30,no,no,1,other,no,no,0.0,116.64485504260414,28.0,
200,True,residential,30,no,no,1,other,no,no,0.0,80.70790664469666,2.0,
201,True,residential,30,no,no,1,other,no,no,0.0,199.46660180120261,3.0,
202,True,secondary,50,no,no,2,other,no,no,0.0,14.470474087442847,54.0,
203,False,residential,30,no,no,1,other,no,no,0.0,204.42081322833775,45.5,
204,True,residential,50,no,no,1,other,no,no,0.0,312.831470656705,33.0,
205,True,residential,30,no,no,1,other,no,no,0.0,55.74623200937349,5.0,
206,False,residential,30,no,no,1,other,no,no,0.0,237.55595840847548,2.0,
207,False,residential,30,no,no,1,other,no,no,0.0,489.86396606463916,48.5,
208,False,residential,30,no,no,1,other,no,no,0.0,193.50147106526214,16.0,
209,True,residential,30,no,no,1,other,no,no,0.0,114.39219983783309,9.0,
210,True,residential,30,no,no,1,other,no,no,0.0,252.61471158798594,23.0,
211,False,residential,30,no,no,1,other,no,no,0.0,205.67678668643364,8.0,
212,False,cycleway,50,no,no,1,other,no,no,1.0,7.262497632817394,84.0,
213,False,residential,50,no,no,1,other,no,no,0.0,45.34225417911371,72.0,
214,True,cycleway,50,no,no,1,other,no,no,0.0,629.889699555198,54.0,
215,True,cycleway,50,no,no,1,other,no,no,1.0,16.623979263551906,291.5,
216,True,cycleway,50,no,no,1,other,no,no,1.0,38.57029466436523,88.0,
217,True,cycleway,50,no,no,1,other,no,no,1.0,20.93464442295053,198.5,
218,False,cycleway,50,no,no,1,other,no,no,0.0,68.93333899689375,6.0,
219,False,cycleway,50,no,no,1,other,no,no,0.0,114.70174935647134,4.0,
220,True,cycleway,50,no,no,1,other,no,no,1.0,97.18198886523919,185.0,
221,True,residential,30,no,no,1,other,no,no,0.0,59.73353148228773,37.0,
222,False,residential,50,no,no,2,other,no,no,0.0,140.3233613792742,72.0,
223,False,residential,30,no,no,2,other,no,no,0.0,64.04148589733362,9.0,
224,True,secondary,50,no,no,1,other,no,no,0.0,52.28566281024893,1.0,
225,True,cycleway,50,no,no,1,other,no,no,1.0,41.76955323162609,268.0,
226,True,tertiary,50,no,no,1,other,yes,no,0.0,111.6927967155234,2.0,
227,False,cycleway,50,no,no,1,other,yes,no,0.0,225.71365581285096,231.0,
228,False,cycleway,50,no,no,1,other,no,no,0.0,186.1170838296866,124.0,
229,True,cycleway,50,no,no,1,other,no,no,0.0,151.65671248470755,151.0,
230,False,cycleway,50,no,no,1,other,no,no,0.0,112.98967100002301,183.0,
231,False,cycleway,50,no,no,1,other,no,no,0.0,94.54964725539008,245.0,
232,True,cycleway,50,no,no,1,other,no,no,0.0,65.65624459227773,43.0,
233,True,cycleway,50,no,no,1,other,no,no,1.0,374.28248140332187,87.0,
234,True,cycleway,50,no,no,1,other,no,no,1.0,29.785366478502468,134.0,
235,False,residential,50,no,no,1,other,no,no,0.0,121.12479854236504,16.0,
236,False,residential,30,no,no,1,other,no,no,0.0,153.0107023710391,3.0,
237,False,residential,30,no,no,1,other,no,no,0.0,21.096959674645433,3.0,
238,True,residential,30,no,no,1,other,no,no,0.0,365.5940269139924,26.0,
239,False,cycleway,50,no,no,1,other,no,no,0.0,7.95588715319221,50.0,
240,True,residential,50,no,no,1,other,no,no,0.0,11.393081987111126,29.0,
241,True,residential,50,no,no,1,other,no,no,0.0,10.82036375025379,58.0,
242,True,cycleway,50,no,no,1,other,no,no,1.0,602.5250959289147,293.0,
243,True,cycleway,50,no,no,1,other,no,no,1.0,602.5250959289147,293.0,
244,True,tertiary,50,no,no,1,other,no,no,0.0,85.18515447415773,1.0,
245,False,cycleway,50,no,no,2,other,no,no,1.0,286.5653406835166,344.0,
246,True,cycleway,50,no,no,1,other,no,no,0.0,234.1659300116377,261.0,
247,False,cycleway,50,no,no,1,other,no,no,1.0,816.7351299048437,82.0,
248,False,cycleway,50,no,no,1,other,no,no,1.0,4.66949857802291,84.0,
249,True,cycleway,50,no,no,1,other,no,no,0.0,203.85518723425952,154.0,
250,False,residential,30,no,no,1,other,no,no,0.0,68.0030269707024,28.0,
251,False,residential,30,no,no,1,other,no,no,0.0,67.3576702629633,3.0,
252,False,cycleway,50,no,no,2,other,no,no,0.0,272.5071019782448,150.0,
253,False,cycleway,50,no,no,1,other,no,no,0.0,27.211604550990963,157.0,
255,False,cycleway,50,no,no,2,other,no,no,0.0,1253.1917537229479,218.0,
256,False,cycleway,50,no,no,1,other,no,no,0.0,49.363500035365604,157.0,
257,True,cycleway,50,no,no,1,other,no,no,0.0,20.7642702414889,42.0,
258,True,residential,30,no,no,1,other,no,no,0.0,447.2101989547772,77.0,
259,True,residential,30,no,no,1,other,no,no,0.0,6.021970079590712,352.0,
260,False,cycleway,50,no,no,2,other,no,no,0.0,128.54804038118638,46.0,
261,False,cycleway,50,no,no,2,other,no,no,0.0,86.13133327252234,223.0,
262,True,residential,30,no,no,1,other,no,no,0.0,46.492727671084424,63.0,
263,True,residential,30,no,no,1,other,no,no,0.0,180.6656933522991,158.0,
264,True,cycleway,50,no,no,1,other,no,no,0.0,276.5185815897714,10.0,
265,True,residential,30,no,no,1,other,no,no,0.0,402.3841340354039,290.0,
266,False,cycleway,50,no,no,1,other,no,no,0.0,271.4618480242684,3.0,
267,False,residential,30,no,no,1,other,no,no,0.0,38.48817127048879,6.0,
268,False,cycleway,50,no,no,1,other,no,no,1.0,74.81725942493397,80.0,
269,False,cycleway,50,no,no,1,other,no,no,1.0,74.81725942493397,80.0,
270,True,cycleway,50,no,no,1,other,no,no,1.0,29.394434575042254,284.0,
271,True,cycleway,50,no,no,1,other,no,no,1.0,94.71524086014173,195.0,
272,True,cycleway,50,no,no,1,other,no,no,1.0,38.472973486755265,78.0,
273,True,cycleway,50,no,no,1,other,no,no,1.0,67.48647988790803,49.0,
274,True,cycleway,50,no,no,1,other,no,no,1.0,31.826849382467056,36.0,
275,True,cycleway,50,no,no,1,other,no,no,0.0,181.36425890632728,283.0,
276,True,cycleway,50,no,no,1,other,no,no,1.0,128.50105775351386,78.0,
277,True,cycleway,50,no,no,1,other,no,no,1.0,27.615883052472924,215.0,
278,True,cycleway,50,no,no,1,other,no,no,1.0,73.693883066674,208.0,
279,True,cycleway,50,no,no,1,other,no,no,1.0,115.74512278672718,222.0,
280,True,cycleway,50,no,no,1,other,no,no,0.0,297.8866969894982,240.0,
281,True,cycleway,50,no,no,1,other,no,no,1.0,34.80612204384086,210.5,
282,False,service,50,no,no,1,other,no,no,0.0,3.1086817846048573,138.0,
283,False,residential,30,no,no,2,other,no,no,0.0,116.76522508666689,10.0,
284,False,cycleway,50,no,no,1,other,no,no,0.0,562.7759249575895,86.0,
285,True,residential,30,no,no,1,other,no,no,0.0,35.746365044254404,17.0,
286,True,cycleway,50,no,no,1,other,no,no,0.0,152.77323078520672,35.0,
287,True,cycleway,50,yes,no,1,other,no,no,0.0,345.0485381850938,339.0,
288,False,cycleway,50,no,no,1,other,no,no,1.0,110.33496128186374,432.0,
289,False,cycleway,50,no,no,1,other,no,no,1.0,110.33496128186374,432.0,
290,False,path,50,yes,no,1,other,no,no,0.0,130.23520603126775,22.0,
291,True,residential,30,no,no,1,other,no,no,0.0,10.539591028622764,3.0,
292,False,residential,30,no,no,2,other,no,no,0.0,149.65245601497767,11.0,
293,True,tertiary,50,no,no,1,other,no,no,0.0,52.64142636887538,20.0,
294,True,residential,30,no,no,1,other,no,no,0.0,8.917756500739912,8.0,
295,True,residential,30,no,no,1,other,no,no,0.0,82.18372657862847,32.0,
296,True,tertiary,50,no,no,1,other,no,no,0.0,112.0070403370263,234.0,
297,True,primary,50,no,no,2,other,no,no,0.0,317.80714887880123,6.0,
298,True,cycleway,50,no,no,1,other,no,no,1.0,403.2219797086887,68.0,
299,False,residential,50,no,no,2,other,no,no,0.0,217.81731776988812,4.0,
300,True,cycleway,50,no,no,1,other,no,no,0.0,635.7367268777963,57.0,
301,True,cycleway,50,no,no,1,other,no,no,0.0,64.0301317436039,52.0,
302,True,tertiary,50,no,no,1,other,no,no,0.0,107.9099523547979,58.0,
303,False,residential,50,no,no,1,other,no,no,0.0,42.07452862152902,3.0,
304,True,cycleway,50,no,no,1,other,no,no,0.0,18.96449558103744,24.5,
305,True,cycleway,50,no,no,1,other,no,no,0.0,691.4450856914956,11.0,
306,True,cycleway,50,yes,no,1,other,no,no,0.0,24.607024605354226,98.0,
307,True,cycleway,50,no,no,1,other,no,no,0.0,107.98962494084157,98.0,
308,True,service,50,no,no,1,other,no,no,0.0,7.83836527015286,5.0,
309,True,service,50,no,no,1,other,no,no,0.0,45.39867589087471,1.0,
311,True,cycleway,50,no,no,1,other,no,no,0.0,39.149819900427744,12.0,
312,True,residential,30,no,no,1,other,no,no,0.0,103.2957674541615,22.0,
313,False,residential,30,no,no,1,other,no,no,0.0,713.2460146940848,22.0,
314,True,residential,50,no,no,1,other,no,no,1.0,32.17904976755586,6.0,
315,True,residential,50,no,no,3,other,no,no,1.0,22.83483148757861,6.0,
316,True,residential,30,no,no,2,other,no,no,0.0,19.4068761008091,49.0,
317,True,cycleway,50,no,no,1,other,no,no,1.0,64.80846234355405,31.0,
318,True,cycleway,50,no,no,1,other,no,no,0.0,183.4757342296437,35.5,
319,True,cycleway,50,no,no,1,other,no,no,0.0,98.84432635730255,98.0,
320,True,residential,30,no,no,1,other,no,no,0.0,78.9304892903552,4.0,
321,False,cycleway,50,no,no,2,other,no,no,1.0,97.00749586918916,350.0,
322,False,residential,50,no,no,2,other,no,no,0.0,36.85764282039448,36.0,
323,False,cycleway,50,no,no,2,other,no,no,0.0,610.1053240835822,171.0,
324,False,cycleway,50,no,no,1,other,no,no,0.0,158.6100985344639,77.0,
325,False,cycleway,50,no,no,1,other,no,no,0.0,9.05302342344233,8.0,
326,True,residential,30,no,no,1,other,no,no,0.0,150.20062252043735,3.0,
327,True,tertiary,50,no,no,1,other,no,no,0.0,19.04949645316305,19.0,
328,False,cycleway,50,no,no,1,other,no,no,0.0,12.565097892344534,44.0,
329,True,residential,30,no,no,1,other,no,no,0.0,72.36445731561895,33.0,
330,True,tertiary,50,no,no,1,other,no,no,0.0,45.71298561396381,23.0,
331,True,cycleway,50,no,no,1,other,no,no,1.0,35.95218835835834,138.0,
332,True,residential,30,no,no,1,other,no,no,0.0,362.1976809894849,56.0,
333,False,residential,30,no,no,1,other,no,no,0.0,188.95568409924297,11.0,
334,False,residential,30,no,no,1,other,no,no,0.0,86.781933297012,32.0,
335,True,residential,30,no,no,1,other,no,no,0.0,115.40529247735745,7.0,
336,True,residential,30,no,no,1,other,no,no,0.0,348.9374689188627,52.0,
337,False,cycleway,50,no,no,1,other,no,no,0.0,6.345909189370063,7.0,
338,True,cycleway,50,no,no,1,other,no,no,0.0,218.42772641806502,111.0,
339,False,residential,30,no,no,1,other,no,no,0.0,44.861590225538535,190.0,
340,False,residential,30,no,no,1,other,no,no,0.0,124.79294984073074,97.5,
341,False,residential,30,no,no,1,other,no,no,0.0,94.81792357388062,6.0,
342,True,residential,30,no,no,1,other,no,no,0.0,211.38185477637194,5.0,
343,False,residential,30,no,no,1,other,no,no,0.0,157.241391454716,19.0,
344,True,residential,30,no,no,1,other,no,no,0.0,22.20423273162294,6.0,
345,False,residential,30,no,no,1,other,no,no,0.0,93.17427239065626,53.0,
346,True,residential,30,no,no,1,other,no,no,0.0,299.0524702266121,3.0,
347,True,residential,30,no,no,1,other,no,no,0.0,49.69857163181149,3.0,
348,True,residential,30,no,no,1,other,no,no,0.0,132.5707277362648,16.0,
349,True,secondary,50,no,no,2,other,no,no,1.0,79.02464727885109,1.0,
350,True,secondary,50,no,no,4,other,no,no,1.0,138.50103445647764,6.0,
351,True,secondary,50,no,no,3,other,no,no,1.0,34.332437801416575,2.0,
352,True,residential,50,no,no,1,other,no,no,1.0,18.667450292960456,1.5,
353,True,secondary,50,no,no,3,other,no,no,1.0,71.79265006066986,1.0,
354,True,secondary,50,no,no,1,other,no,no,1.0,52.734651580551386,228.5,
355,True,cycleway,50,no,no,1,other,no,no,0.0,114.19228032749851,77.0,
356,True,cycleway,50,no,no,1,other,no,no,0.0,10.668632673157731,194.0,
357,True,cycleway,50,no,no,1,other,no,no,1.0,238.37900140255732,187.0,
359,False,cycleway,50,no,no,1,other,no,no,0.0,48.392929865329876,291.0,
360,True,tertiary,50,no,no,1,other,no,no,0.0,40.196252926466634,1.0,
361,True,cycleway,50,no,no,1,other,no,no,1.0,6.183649493857304,95.0,
362,True,secondary,50,no,no,1,other,no,no,0.0,19.935937480879346,5.0,
363,False,cycleway,50,no,no,1,other,no,no,0.0,13.484201007103026,29.0,
364,True,residential,50,no,no,1,other,no,no,0.0,35.74203233204193,102.0,
365,True,residential,50,no,no,1,other,no,no,1.0,40.526296314592486,79.0,
366,True,residential,30,no,no,1,other,no,no,1.0,30.498236336971708,108.0,
367,True,tertiary,50,no,no,1,other,no,no,0.0,7.733214506445955,3.0,
368,True,primary,50,no,no,3,other,no,yes,0.0,13.353379911532425,1.0,
369,True,residential,30,no,no,1,other,no,no,0.0,65.9362375468525,58.0,
370,True,residential,30,no,no,1,other,no,no,0.0,66.25112944478492,29.0,
371,False,residential,30,no,no,1,other,no,no,0.0,152.52972465525193,7.0,
372,True,residential,30,no,no,1,other,no,no,0.0,70.42246231937322,23.0,
373,True,tertiary,50,no,no,1,other,no,no,0.0,3.5773317333716705,303.0,
374,True,residential,30,no,no,1,other,no,no,0.0,312.60160929546475,297.0,
375,True,residential,30,no,no,1,other,no,no,0.0,113.96947230781734,123.0,
376,False,cycleway,30,no,no,1,other,no,no,0.0,35.211069184167194,17.0,
377,False,residential,30,no,no,1,other,no,no,0.0,18.29971791129944,7.0,
378,False,cycleway,50,no,no,2,other,no,no,0.0,48.91061065981956,53.0,
379,False,cycleway,50,no,no,2,other,no,no,0.0,22.80381957726675,178.0,
380,False,cycleway,50,no,no,2,other,no,no,0.0,122.55754546706346,146.0,
381,True,cycleway,50,no,no,1,other,no,no,0.0,14.327475890836457,3.0,
382,True,primary,50,no,no,2,other,no,no,0.0,37.21431838388261,6.0,
383,False,cycleway,50,no,no,1,other,no,no,0.0,8.663445834000381,11.0,
384,False,residential,30,no,no,2,other,no,no,0.0,160.7427088910743,37.0,
385,False,cycleway,50,no,no,1,other,no,no,0.0,14.906149720634442,13.5,
386,True,residential,30,no,no,1,other,no,no,0.0,83.15198553102421,7.0,
387,True,residential,30,no,no,1,other,no,no,0.0,72.23684114996789,19.0,
388,True,cycleway,50,no,no,1,other,no,no,0.0,76.83619378287524,326.0,
389,True,residential,30,no,no,1,other,no,no,0.0,128.71394876737875,198.0,
390,False,cycleway,50,no,no,2,other,no,no,0.0,158.9958373658741,196.0,
391,True,cycleway,50,no,no,1,other,no,no,0.0,43.60140409143449,183.0,
392,True,residential,50,no,no,1,other,no,no,0.0,16.109130785232658,2.0,
393,False,residential,30,no,no,2,other,no,no,0.0,794.3619015760681,8.5,
394,True,residential,30,no,no,1,other,no,no,0.0,59.01866203628215,1.0,
395,False,cycleway,50,no,no,2,other,no,no,0.0,40.39802371995904,155.0,
396,True,cycleway,50,no,no,1,other,no,no,1.0,42.77659673532964,17.0,
397,False,residential,50,no,no,2,other,no,no,0.0,14.206416909445826,45.0,
398,True,tertiary,30,no,no,1,other,no,no,0.0,147.98892241975864,29.0,
399,True,residential,30,no,no,1,other,no,no,0.0,32.46701529877163,15.0,
400,True,secondary,50,no,no,3,other,no,no,1.0,57.039467570024236,3.0,
401,True,secondary,50,no,no,3,other,no,no,1.0,52.85322841653851,2.0,
402,True,tertiary,50,no,no,1,other,no,no,0.0,5.496132979809052,3.0,
403,True,cycleway,50,no,no,1,other,no,no,0.0,3.6096916779144674,114.0,
404,True,cycleway,50,no,no,1,other,no,no,0.0,4.173693874834185,77.0,
405,False,cycleway,50,no,no,1,other,no,no,0.0,95.4850465059136,136.0,
406,False,cycleway,50,no,no,1,other,no,no,0.0,137.9761737305782,150.0,
407,False,cycleway,50,no,no,1,other,no,no,0.0,84.92393555254644,87.0,
408,True,residential,50,no,no,1,other,no,no,0.0,35.50199168358522,140.0,
409,False,cycleway,50,no,no,1,other,no,no,0.0,75.66816992269726,307.0,
410,False,cycleway,50,no,no,1,other,no,no,0.0,95.13496891938881,194.0,
411,False,cycleway,50,no,no,2,other,no,no,1.0,22.473491146803788,349.0,
412,True,residential,30,no,no,1,other,no,no,0.0,17.13816640655415,10.0,
413,True,cycleway,50,no,no,1,other,no,no,0.0,23.665760478074166,70.0,
414,True,cycleway,50,no,no,1,other,no,no,0.0,9.828662468335184,204.0,
415,True,residential,30,no,no,1,other,no,no,0.0,72.04425875355982,4.0,
416,False,path,50,no,no,1,other,no,no,0.0,6.938645936599309,19.0,
417,False,tertiary,30,no,no,2,other,no,no,0.0,23.637770075655766,324.0,
418,False,residential,50,no,no,1,other,no,no,0.0,2.129819412380367,6.0,
419,False,residential,30,no,no,2,other,no,no,0.0,1006.7319296518715,9.5,
420,True,secondary,50,no,no,2,other,no,no,0.0,61.569391480935536,2.0,
421,True,residential,30,no,no,1,other,no,no,0.0,435.496623220623,4.0,
422,True,residential,50,no,no,1,other,no,no,0.0,4.48010263618275,111.0,
423,True,secondary,50,no,no,1,other,no,no,1.0,18.837054918745984,1.0,
424,True,cycleway,50,no,no,1,other,no,no,1.0,43.79716651064023,78.0,
425,True,cycleway,50,no,no,1,other,no,no,1.0,42.1511484279952,436.0,
426,True,tertiary,30,no,no,1,other,no,no,0.0,52.9213303328881,40.0,
427,True,cycleway,50,no,no,1,other,no,no,0.0,270.1534696665417,51.0,
428,False,cycleway,50,no,no,1,other,no,no,0.0,23.834872152978154,11.5,
429,False,residential,30,no,no,1,other,no,no,0.0,116.30949886679255,1.0,
430,False,residential,30,no,no,1,other,no,no,0.0,43.91991706074357,1.0,
431,False,residential,30,no,no,1,other,no,no,0.0,289.6123695252812,1.0,
432,True,tertiary,50,no,no,1,other,no,no,1.0,15.541067937373281,172.0,
433,True,cycleway,50,no,no,1,other,no,no,0.0,19.94397517927239,160.0,
434,True,residential,30,no,no,1,other,no,no,0.0,172.88110547761116,7.0,
435,False,cycleway,50,no,no,1,other,no,no,0.0,31.75692643770795,453.0,
436,True,secondary,50,no,no,2,other,no,no,0.0,15.832496559233197,10.0,
437,True,secondary,50,no,no,2,other,yes,no,0.0,24.548061894657927,10.0,
438,True,cycleway,50,no,no,1,other,no,no,1.0,61.64677426824932,298.0,
439,True,cycleway,50,no,no,1,other,no,no,0.0,460.4352493658409,20.0,
440,True,cycleway,50,no,no,1,other,no,no,1.0,108.80072781039266,110.5,
441,True,secondary,50,no,no,2,other,no,no,0.0,90.61141177316075,2.0,
442,True,cycleway,50,no,no,1,other,no,no,0.0,5.003572214200475,2.0,
443,False,cycleway,50,no,no,2,other,no,no,0.0,371.9006138572797,215.0,
444,False,tertiary,50,no,no,1,other,no,no,0.0,49.93231776576057,19.0,
445,False,tertiary,50,no,no,1,other,no,no,0.0,9.022061225338597,19.0,
446,False,cycleway,50,no,no,1,other,no,no,0.0,43.651954319967075,10.0,
447,False,tertiary,50,no,no,2,other,no,no,0.0,190.17472932096464,53.0,
448,True,tertiary,50,no,no,1,other,no,no,0.0,31.768773681108357,40.0,
449,False,residential,50,no,no,1,other,no,no,0.0,416.9516102716728,138.0,
450,False,tertiary,50,no,no,2,other,no,no,0.0,99.53337426026425,160.0,
451,False,tertiary,50,no,no,2,other,no,no,1.0,289.7854042878701,177.0,
452,True,residential,50,no,no,1,other,no,no,0.0,3.8330084737926287,171.0,
453,True,cycleway,50,no,no,1,other,no,no,1.0,4.029323281802068,123.5,
454,False,cycleway,50,no,no,1,other,no,no,0.0,10.091530912213054,49.0,
455,True,cycleway,50,no,no,1,other,no,no,0.0,304.4599175984185,61.0,
456,True,cycleway,50,no,no,1,other,no,no,0.0,81.97836812270626,81.0,
457,True,cycleway,50,no,no,1,other,no,no,0.0,188.97896997839592,75.0,
458,False,residential,50,no,no,2,other,no,no,0.0,20.656421982656312,9.0,
460,True,cycleway,50,no,no,1,other,no,no,0.0,27.578937581988043,61.0,
461,True,cycleway,50,yes,no,1,other,no,no,0.0,27.32508351003037,154.0,
462,True,cycleway,50,no,no,1,other,no,no,0.0,6.923197508508585,194.0,
463,True,cycleway,50,no,no,1,other,no,no,1.0,48.823842830337234,20.0,
464,False,cycleway,50,no,no,1,other,no,no,0.0,52.9806097403446,67.0,
465,False,cycleway,50,yes,no,1,other,no,no,0.0,7.9591815811387265,65.0,
466,False,cycleway,50,no,no,1,other,no,no,0.0,191.73523635496926,64.0,
467,False,tertiary,50,no,no,2,other,no,no,0.0,15.419422777896076,255.0,
468,False,path,50,no,no,1,other,no,no,0.0,3.4553725285339687,215.0,
471,False,residential,30,no,no,1,other,no,no,1.0,15.390818352940634,61.0,
472,False,cycleway,50,no,no,1,other,no,no,1.0,8.072443845925985,225.0,
473,True,cycleway,50,no,no,1,other,no,no,0.0,12.587555712693602,188.0,
474,True,cycleway,50,no,no,1,other,no,no,0.0,8.372058754277086,4.0,
475,True,residential,50,no,no,1,other,no,no,0.0,15.250148295939212,41.0,
476,True,residential,50,no,no,1,other,no,no,0.0,7.390600290960401,28.0,
477,True,secondary,50,no,no,1,other,no,no,0.0,139.65003687198617,2.0,
478,True,secondary,50,no,no,1,other,no,no,0.0,4.431385270343309,5.0,
479,True,residential,30,no,no,1,other,no,no,0.0,19.338822994772343,5.0,
480,True,residential,30,no,no,1,other,no,no,0.0,28.015483186957166,180.0,
481,True,secondary,50,no,no,1,other,no,no,0.0,9.04729088591738,2.0,
482,True,cycleway,50,no,no,1,other,no,no,0.0,30.149887166902108,46.0,
483,False,cycleway,50,no,no,2,other,no,no,0.0,105.06194247121735,123.0,
484,True,cycleway,50,no,no,1,other,no,no,0.0,13.811211268731993,123.0,
485,True,residential,50,no,no,1,other,no,no,0.0,8.047172182090986,28.0,
486,False,cycleway,50,no,no,1,other,no,no,1.0,12.087206007084756,58.0,
487,True,residential,50,no,no,1,other,no,no,1.0,1.6022665842117194,84.0,
488,False,cycleway,50,no,no,1,other,no,no,1.0,9.763029435686086,96.0,
489,True,cycleway,50,no,no,1,other,no,no,0.0,3.2176246171892307,64.0,
490,True,residential,30,no,no,1,other,no,no,0.0,28.840046962386268,14.0,
491,False,residential,30,no,no,1,other,no,no,0.0,272.34233939834075,8.0,
492,False,residential,30,no,no,1,other,no,no,0.0,63.19443885629685,1.0,
493,True,cycleway,50,no,no,1,other,no,no,1.0,22.79678201336613,208.0,
494,True,tertiary,50,no,no,2,other,no,no,0.0,91.57591574697081,37.0,
495,True,cycleway,50,no,no,1,other,no,no,1.0,320.2765567372757,86.0,
496,True,cycleway,50,no,no,1,other,no,no,1.0,102.16258057546544,85.0,
497,True,cycleway,50,no,no,1,other,no,no,1.0,474.3565549215304,197.5,
498,True,cycleway,50,no,no,1,other,no,no,1.0,6.345359669024441,108.0,
499,True,cycleway,50,no,no,1,other,no,no,0.0,48.421534424111,262.0,
500,False,cycleway,50,no,no,2,other,no,no,0.0,323.09650560435625,215.0,
501,False,cycleway,50,no,no,2,other,no,no,0.0,17.82978704556501,215.0,
502,True,residential,30,no,no,1,other,no,no,0.0,474.34852331700165,39.0,
504,False,cycleway,50,no,no,1,other,no,no,0.0,105.9522733158349,6.0,
505,True,tertiary,30,no,no,1,other,no,no,0.0,24.23901026200184,84.0,
506,False,residential,30,no,no,1,other,no,no,0.0,495.05138782367845,6.0,
507,True,tertiary,50,no,no,1,other,no,no,0.0,12.667847164309837,26.0,
508,True,tertiary,50,no,no,1,other,no,no,0.0,19.41559966291538,51.0,
509,False,service,50,no,no,1,private,no,no,0.0,20.439714432085733,156.0,
510,True,cycleway,50,no,no,1,other,no,no,0.0,7.717752421127011,224.0,
511,True,service,50,no,parking_aisle,1,other,no,no,0.0,15.738032282318786,241.0,
512,False,cycleway,50,no,no,1,other,no,no,0.0,106.51314990110578,293.0,
513,True,residential,30,no,no,1,other,no,no,0.0,293.61771881474647,1.0,
514,True,residential,50,no,no,1,other,no,no,0.0,23.25111276295492,36.5,
515,True,residential,30,no,no,1,other,no,no,0.0,144.40403455380758,237.0,
516,True,residential,50,no,no,1,other,no,no,0.0,45.22984553276863,52.0,
517,True,cycleway,50,no,no,1,other,no,no,1.0,8.45443370145214,436.0,
518,True,tertiary,50,no,no,1,other,no,no,0.0,9.120781261315239,212.0,
519,True,cycleway,50,no,no,1,other,no,no,1.0,7.6448405242834365,129.0,
520,True,cycleway,50,no,no,1,other,no,no,0.0,190.12536562890853,15.0,
521,False,residential,30,no,no,1,other,no,no,0.0,38.75275702399124,4.5,
522,False,residential,50,no,no,1,other,no,no,0.0,109.82662862287616,124.0,
523,False,residential,50,no,no,1,other,no,no,0.0,112.74704600875268,100.0,
524,True,cycleway,50,no,no,1,other,no,no,0.0,8.06858760244947,148.0,
525,True,residential,30,no,no,1,other,no,no,0.0,13.993192799446783,26.0,
526,False,cycleway,30,no,no,1,other,no,no,0.0,26.85686467129011,55.0,
527,False,cycleway,50,no,no,1,other,no,no,0.0,63.85834791399315,65.0,
528,True,residential,30,no,no,1,other,no,no,0.0,13.22741830176996,106.0,
