ROW_ID,oneway,highway,maxspeed,bridge,service,lanes,access,tunnel,junction,street_light,length,n_observations,bike_speed
0,True,cycleway,50,no,no,1,other,no,no,0.0,376.4731656554873,163.0,20.1454
1,True,primary,50,no,no,2,other,no,no,0.0,265.5589952938248,5.0,25.1707
2,False,residential,30,no,no,2,other,no,no,0.0,128.49447835727975,1.0,13.3222
3,False,residential,30,no,no,1,other,no,no,0.0,56.61226288047242,4.0,13.4254
4,False,residential,30,no,no,2,other,no,no,0.0,23.749854421683533,34.0,13.8868
5,False,residential,50,no,no,2,other,no,no,0.0,18.871477671314334,68.0,18.5109
6,True,residential,30,no,no,1,other,no,no,0.0,15.21161729690957,71.0,19.068849999999998
7,True,residential,30,no,no,1,other,no,no,0.0,185.17894871622548,32.0,15.4656
8,True,residential,30,no,no,1,other,no,no,0.0,120.40859713598624,1.0,8.89281
9,True,residential,30,no,no,1,other,no,no,0.0,25.677364610088617,1.5,14.3336
10,True,residential,30,no,no,1,other,no,no,0.0,61.89979726240835,44.0,15.8747
11,False,residential,50,no,no,2,other,no,no,0.0,14.324713111929826,25.0,16.7628
12,False,residential,50,no,no,2,other,no,no,0.0,28.761304979791813,1.0,11.8166
13,True,residential,30,no,no,1,other,no,no,0.0,147.85503114740675,1.0,16.9827
14,True,residential,50,no,no,1,other,no,no,0.0,1.6453149485285965,7.0,16.6366
15,False,residential,30,no,no,2,other,no,no,0.0,8.249603085609856,42.0,18.8482
16,True,secondary,50,no,no,2,other,no,no,0.0,111.48121896841305,12.0,25.8553
17,True,secondary,50,no,no,1,other,no,no,0.0,50.116693945605576,2.0,28.75
18,False,residential,30,no,no,1,other,no,no,0.0,82.8605531672262,3.0,14.4881
19,False,residential,50,no,no,2,other,no,no,0.0,3.322356618896266,2.0,10.2863
20,False,residential,50,no,no,1,other,no,no,0.0,28.053185747210375,8.0,16.532
21,True,residential,50,no,no,1,other,no,no,0.0,251.70340355839573,32.0,22.2952
22,False,residential,50,no,no,1,other,no,no,0.0,1.757215898094849,2.0,13.7736
23,True,residential,50,no,no,1,other,no,no,0.0,157.05369101369817,65.0,20.3985
24,True,residential,50,no,no,1,other,no,no,1.0,11.63192047637773,46.0,15.131549999999999
25,True,residential,30,no,no,1,other,no,no,0.0,322.6538319563483,8.5,17.509149999999998
26,False,residential,50,no,no,2,other,no,no,0.0,87.62705300409458,8.0,11.7583
27,True,residential,50,no,no,1,other,no,no,0.0,26.94451283380809,15.0,15.7438
28,False,residential,30,no,no,2,other,no,no,0.0,72.5485444245295,20.0,15.8824
29,True,residential,50,no,no,1,other,no,no,0.0,18.762521052746624,18.0,18.1996
30,True,residential,30,no,no,1,other,no,no,0.0,65.09870392653363,1.0,17.3136
31,True,cycleway,50,no,no,1,other,no,no,1.0,72.38746797842948,51.0,19.6652
32,False,residential,30,no,no,1,other,no,no,0.0,230.8381149758789,3.0,16.8111
33,True,cycleway,50,no,no,1,other,no,no,0.0,111.88614157498893,198.0,20.9925
34,False,residential,30,no,no,2,other,no,no,0.0,1.4294331448492372,6.0,13.694
35,False,residential,30,no,no,1,other,no,no,0.0,14.060339529613687,5.0,13.1119
36,False,residential,50,no,no,1,other,no,no,0.0,2.6916158899724887,2.0,9.49153
37,False,residential,30,no,no,2,other,no,no,0.0,234.244243399781,15.0,18.9
38,False,residential,30,no,no,2,other,no,no,0.0,257.0510778662989,17.0,15.0106
39,False,residential,30,no,no,1,other,no,no,0.0,63.08464738886418,10.0,13.9052
40,False,residential,30,no,no,1,other,no,no,0.0,15.986744402125321,4.0,9.62117
41,True,residential,30,no,no,1,other,no,no,0.0,172.8636521254012,73.0,19.8128
42,False,residential,50,no,no,2,other,no,no,0.0,63.71554725598226,12.5,14.6126
43,False,residential,30,no,no,2,other,no,no,0.0,49.29312470157769,6.0,15.0087
44,True,residential,30,no,no,1,other,no,no,0.0,8.834567461100843,1.0,9.1108
45,True,cycleway,50,no,no,1,other,no,no,1.0,76.20494951633546,122.0,12.0528
46,True,cycleway,50,no,no,1,other,no,no,1.0,76.20494951633546,122.0,12.0528
47,True,cycleway,50,no,no,1,other,no,no,1.0,76.20494951633546,122.0,12.0528
48,True,cycleway,50,no,no,1,other,no,no,1.0,76.20494951633546,122.0,12.0528
49,False,residential,50,no,no,1,other,no,no,0.0,63.217614987478676,64.0,17.1935
50,False,cycleway,50,yes,no,1,other,no,no,0.0,39.981636581709424,759.0,20.4943
51,False,cycleway,50,no,no,1,other,no,no,1.0,202.88802840435,539.0,22.3915
52,False,residential,50,no,no,1,other,no,no,0.0,98.66937814177206,82.0,18.7894
53,True,residential,50,no,no,1,other,no,no,0.0,100.08452416649243,1.0,19.823
54,True,residential,50,no,no,1,other,no,no,0.0,232.35516098187458,17.0,18.6648
55,True,residential,50,no,no,1,other,no,no,0.0,81.72250275828583,52.0,17.2331
56,False,cycleway,50,no,no,1,other,no,no,0.0,13.985632971147403,179.0,20.0042
57,False,residential,30,no,no,2,other,no,no,0.0,70.37058900036305,4.0,13.9441
58,True,residential,30,no,no,1,other,no,no,0.0,7.574561094738935,1.0,12.3373
59,True,residential,30,no,no,1,other,no,no,0.0,43.04983417301794,15.0,18.0372
60,False,residential,30,no,no,2,other,no,no,0.0,224.65932036554764,14.0,18.7786
61,True,residential,30,no,no,1,other,no,no,0.0,83.01340113646043,8.0,14.6186
62,True,secondary,50,no,no,1,other,no,no,1.0,11.420285372087177,1.0,22.2341
63,True,secondary,50,no,no,1,other,no,no,0.0,1.6551973272109803,1.0,22.2341
64,True,secondary,50,no,no,1,other,no,no,0.0,45.02494515867343,2.0,28.2342
65,False,residential,50,no,no,2,other,no,no,0.0,7.526512310186937,3.0,15.1147
66,False,residential,30,no,no,2,other,no,no,0.0,13.267276825460867,196.0,16.9951
67,False,cycleway,50,no,no,1,other,no,no,1.0,6.199341309758366,319.0,16.6393
68,False,cycleway,50,no,no,1,other,no,no,1.0,6.199341309758366,319.0,16.6393
69,False,residential,30,no,no,2,other,no,no,0.0,6.681810772005986,7.0,13.7368
70,False,cycleway,50,no,no,1,other,no,no,1.0,4.829206499987179,409.0,15.03865
71,True,residential,30,no,no,1,other,no,no,1.0,79.10135979718035,41.0,14.7059
72,False,residential,30,no,no,2,other,no,no,0.0,16.37570542341762,202.0,16.9466
73,True,residential,30,no,no,2,other,no,no,0.0,145.38881302230595,26.0,18.1939
74,True,cycleway,50,no,no,1,other,no,no,1.0,388.6281954207301,95.0,18.4876
75,False,residential,50,no,no,1,other,no,no,1.0,7.99905408126837,90.0,11.5481
76,False,residential,50,no,no,1,other,no,no,1.0,7.99905408126837,90.0,11.5481
77,False,residential,30,no,no,2,other,no,no,1.0,44.381706525990275,100.0,13.6472
78,False,residential,50,no,no,2,other,no,no,0.0,15.2787187577188,92.0,12.3687
79,True,residential,30,no,no,1,other,no,no,0.0,12.76254353160461,2.0,9.8677
80,False,residential,30,no,no,2,other,no,no,0.0,66.34693824644265,7.5,14.5132
81,False,residential,30,no,no,1,other,no,no,0.0,59.180276104271144,40.0,13.0544
82,True,residential,30,no,no,2,other,no,no,0.0,140.33871568514851,92.0,17.9698
83,False,residential,30,no,no,2,other,no,no,0.0,35.52469573617506,26.0,15.8717
84,True,cycleway,50,no,no,1,other,no,no,1.0,438.7710200186401,111.0,16.0759
85,False,residential,30,no,no,1,other,no,no,0.0,57.16712263540572,9.0,15.7445
86,False,residential,30,no,no,1,other,no,no,0.0,195.93833981725223,4.0,12.687
87,False,residential,30,no,no,1,other,no,no,1.0,55.26336308186868,433.0,15.6674
88,True,residential,30,no,no,2,other,no,no,1.0,436.5746344136067,94.0,14.716
89,False,residential,50,no,no,2,other,no,no,1.0,33.63737113572751,8.0,15.7426
90,False,residential,30,no,no,2,other,no,no,0.0,17.813359526041744,4.5,11.119589999999999
91,True,residential,30,no,no,1,other,no,no,0.0,6.161143510456635,4.0,11.4282
92,True,residential,50,no,no,1,other,no,no,0.0,7.9796665892845855,1.0,17.5317
93,False,residential,50,no,no,2,other,no,no,0.0,209.2111707759278,19.0,17.0715
94,True,cycleway,50,no,no,1,other,no,no,1.0,340.95210712655984,281.0,16.7169
95,False,residential,50,no,no,2,other,no,no,0.0,15.252864306797303,142.0,18.4813
96,False,residential,50,no,no,2,other,no,no,0.0,49.66071801032776,3.0,20.91565
97,False,residential,50,no,no,2,private,no,no,0.0,40.00710363898118,20.0,15.8632
98,True,residential,50,no,no,1,other,no,no,0.0,54.26259389891416,1.0,21.05735
99,True,cycleway,50,no,no,1,other,no,no,1.0,21.249855880381638,172.0,13.257
100,True,residential,30,no,no,1,other,no,no,0.0,299.1827275836101,8.5,19.0702
101,False,residential,50,no,no,2,other,no,no,0.0,12.866012795419111,122.0,17.3285
102,False,cycleway,50,no,no,1,other,no,no,1.0,29.46737415838241,251.0,15.377
103,False,residential,50,no,no,1,other,no,no,0.0,9.330706438291237,1.0,16.5942
104,False,residential,30,no,no,2,other,no,no,0.0,67.68655817558763,12.0,16.8731
105,False,residential,30,no,no,2,other,no,no,0.0,118.60921865158939,3.0,9.49231
106,False,residential,30,no,no,1,other,no,no,0.0,2.1770255425347007,15.0,17.9385
107,True,residential,30,no,no,1,other,no,no,0.0,146.80070453460644,10.0,16.471
108,True,residential,30,no,no,1,other,no,no,0.0,89.21833152914819,4.0,13.50985
109,False,residential,30,no,no,2,other,no,no,0.0,31.104281752332312,5.0,15.795
110,False,cycleway,50,yes,no,1,other,no,no,0.0,167.7368426255525,188.5,20.36705
111,True,residential,30,no,no,1,other,no,no,0.0,25.540705898387976,11.0,17.4518
112,False,residential,30,no,no,1,other,no,no,0.0,19.544500570374588,3.0,12.5576
113,False,residential,30,no,no,2,other,no,no,0.0,29.41088154483874,52.0,14.2633
114,True,residential,30,no,no,1,other,no,no,0.0,73.54323795665178,10.0,13.8041
115,False,residential,30,no,no,2,other,no,no,0.0,15.270381698864323,27.0,14.8553
116,True,residential,30,no,no,1,other,no,no,0.0,44.63846974210353,40.0,15.5549
117,True,residential,50,no,no,1,other,no,no,0.0,9.602702984108541,4.0,11.3815
118,False,residential,30,no,no,2,other,no,no,0.0,74.34714688989385,30.0,21.7394
119,False,cycleway,50,no,no,1,other,no,no,1.0,2.8657564206892316,186.0,21.4082
120,True,residential,50,no,no,2,other,no,no,0.0,65.89029118968858,12.5,18.6937
121,True,residential,50,no,no,1,other,no,no,0.0,5.010791119288636,15.0,18.3198
122,True,residential,30,no,no,1,other,no,no,0.0,82.1972394203155,22.0,16.48265
123,True,residential,50,no,no,1,other,no,no,0.0,59.833139944330824,253.0,18.0879
124,True,secondary,50,no,no,1,other,no,no,1.0,132.28934331880643,7.0,18.707
125,True,secondary,50,no,no,2,other,no,no,0.0,39.58221019972855,3.0,24.0808
126,True,cycleway,50,no,no,1,other,no,no,1.0,133.67205174493674,94.0,13.6262
127,False,cycleway,50,no,no,1,other,no,no,1.0,7.490105402764109,249.0,13.8345
128,False,cycleway,50,no,no,1,other,no,no,1.0,7.490105402764109,249.0,13.8345
129,True,cycleway,50,no,no,1,other,no,no,1.0,126.99513132369279,158.0,17.741
130,False,residential,50,no,no,2,other,no,no,0.0,5.762765056351767,29.0,18.2047
131,False,cycleway,50,no,no,1,other,no,no,1.0,9.146923104343582,677.0,21.403100000000002
132,True,cycleway,50,yes,no,1,other,no,no,0.0,482.36032484517335,157.0,22.6663
133,False,cycleway,50,no,no,1,other,no,no,0.0,26.289535467875925,467.0,20.7159
134,True,cycleway,50,no,no,1,other,no,no,1.0,136.68925197589738,282.0,17.7253
135,True,cycleway,50,no,no,1,other,no,no,0.0,32.04481920436944,325.0,24.7815
136,True,cycleway,50,no,no,1,other,no,no,1.0,77.30367845378089,154.0,14.4771
137,True,cycleway,50,no,no,1,other,no,no,1.0,77.30367845378089,154.0,14.4771
138,True,cycleway,50,no,no,1,other,no,no,0.0,321.5976448515487,43.0,21.5239
139,False,cycleway,50,no,no,1,other,no,no,1.0,1261.4750834935962,652.0,20.8886
140,False,cycleway,50,no,no,1,other,no,no,1.0,10.634643904009057,161.0,14.6532
141,False,cycleway,50,no,no,1,other,no,no,1.0,10.634643904009057,161.0,14.6532
142,False,cycleway,50,no,no,1,other,no,no,1.0,4.8008117500436684,380.0,17.4586
143,True,primary,50,no,no,2,other,no,no,1.0,153.8894025712211,3.0,32.93955
144,False,residential,50,no,no,2,other,no,no,0.0,16.552280374994968,77.0,19.0748
145,True,cycleway,50,no,no,1,other,no,no,1.0,118.30744324626033,410.0,20.1386
146,False,service,50,no,driveway,1,private,no,no,0.0,8.958086198597039,1.0,20.6936
147,False,residential,30,no,no,2,other,no,no,0.0,26.945214714016778,20.0,15.7115
148,True,secondary,50,yes,no,1,other,no,no,1.0,18.31443899528075,29.0,21.327
149,False,cycleway,50,no,no,1,other,no,no,1.0,6.487101988517008,317.0,20.9935
150,True,secondary,50,no,no,2,other,no,no,0.0,10.39394051520934,2.0,24.7341
151,True,residential,50,no,no,1,other,no,no,1.0,25.070607683626314,93.0,14.8564
152,False,residential,50,no,no,2,other,no,no,0.0,6.720728832692328,19.0,15.8369
153,True,residential,50,no,no,1,other,no,no,0.0,5.606935504715754,2.0,11.1964
154,True,residential,50,no,no,2,other,no,no,1.0,7.320235679550688,114.5,14.42935
155,True,tertiary,50,no,no,1,other,no,no,0.0,3.2156186831563858,137.0,21.3361
156,False,residential,50,yes,no,2,other,no,no,0.0,29.34046265940437,83.0,17.8523
157,True,residential,50,no,no,3,other,no,no,1.0,27.139876378651415,55.0,12.0481
158,True,residential,50,no,no,1,other,no,no,0.0,26.416595626335663,96.0,18.3498
159,False,residential,50,no,no,1,other,no,no,0.0,13.253300281451434,14.5,16.651
160,False,cycleway,50,no,no,1,other,no,no,0.0,2.757296497712849,187.0,20.1056
161,True,cycleway,50,no,no,1,other,no,no,0.0,52.631365193091845,156.0,25.0457
162,True,residential,50,no,no,1,other,no,no,1.0,4.118960449826572,170.0,10.6586
163,True,residential,50,no,no,1,other,no,no,0.0,5.278719722479133,168.0,12.8693
164,True,secondary,50,no,no,2,other,no,no,0.0,94.3374494545036,1.0,23.8969
165,True,residential,50,no,no,1,other,no,no,0.0,13.965017300898422,9.0,13.8492
166,True,secondary,50,no,no,1,other,no,no,0.0,19.927707776642613,1.0,21.9089
167,False,cycleway,50,no,no,1,other,no,no,0.0,20.366595753920805,16.0,20.0704
168,False,cycleway,50,no,no,1,other,no,no,1.0,3.1673618630374074,303.0,17.1659
169,False,cycleway,50,no,no,1,other,no,no,0.0,11.359281608677193,7.0,22.2049
170,False,cycleway,50,no,no,1,other,no,no,0.0,9.532126597774242,14.0,21.0077
171,True,secondary,50,no,no,3,other,no,no,1.0,24.344900765332028,6.0,35.0
172,False,residential,50,yes,no,2,other,no,no,0.0,35.03350500121651,34.0,14.8033
173,True,residential,50,no,no,1,other,no,no,0.0,72.2534937440029,142.0,16.0561
174,True,residential,50,yes,no,1,other,no,no,0.0,25.438185421145153,140.0,16.4138
175,False,residential,50,no,no,2,other,no,no,0.0,27.116445283921497,141.0,18.2367
176,True,cycleway,50,no,no,1,other,no,no,0.0,9.76568865195495,131.0,21.5229
177,True,residential,50,no,no,1,other,no,no,0.0,259.08102469462386,16.0,16.7735
178,False,residential,50,no,no,1,other,no,no,1.0,11.239606359058266,2.0,13.5507
179,True,secondary,50,no,no,1,other,no,no,1.0,8.700595961894564,2.0,23.3776
180,True,cycleway,50,yes,no,1,other,no,no,0.0,25.380495342090864,98.0,23.9481
181,True,cycleway,50,no,no,1,other,no,no,1.0,127.84410502298878,120.0,12.0433
182,True,residential,50,no,no,1,other,no,no,0.0,22.281465001349126,15.0,14.8501
183,True,cycleway,50,no,no,1,other,no,no,1.0,430.3835481787381,212.0,19.386
184,False,path,50,no,no,1,other,no,no,0.0,6.688822987863942,40.0,21.327
185,False,residential,30,no,no,2,other,no,no,0.0,12.862078776019866,1.0,19.034
186,True,residential,50,no,no,1,other,no,no,0.0,15.285669722769109,1.0,35.0
187,True,residential,50,no,no,1,other,no,no,0.0,11.427679869944498,2.0,32.8025
188,True,residential,30,yes,no,1,other,no,no,0.0,15.92440919632342,37.0,15.7089
189,True,residential,30,no,no,1,other,no,no,0.0,63.47159596705737,32.0,15.1029
190,False,residential,50,no,no,2,other,no,no,0.0,49.03632085872323,39.0,13.5788
191,True,cycleway,50,no,no,1,other,no,no,1.0,38.72296041436744,98.0,11.2789
192,True,residential,50,no,no,1,other,no,no,0.0,23.092267530690982,7.0,16.6366
193,True,residential,50,no,no,1,other,no,no,0.0,2.576855510153257,9.0,13.8492
194,True,residential,30,no,no,1,other,no,no,0.0,45.75283542851201,38.0,18.0664
195,False,cycleway,50,no,no,1,other,no,no,1.0,7.349324714835999,518.0,16.2863
196,False,cycleway,50,no,no,1,other,no,no,1.0,7.169868175448899,167.5,12.28595
197,False,residential,30,no,no,2,other,no,no,0.0,6.816303879828743,27.0,16.011
198,True,residential,30,no,no,1,other,no,no,0.0,8.304312660771751,1.0,10.9816
199,True,residential,30,no,no,1,other,no,no,0.0,7.766045075224266,2.0,15.4001
200,True,residential,30,no,no,1,other,yes,no,0.0,6.999042332399329,2.0,15.3908
201,True,residential,30,no,no,1,other,yes,no,0.0,6.304259821024867,2.0,9.86866
202,True,residential,30,no,no,1,other,no,no,0.0,70.39052130066138,2.0,12.3345
203,False,residential,50,no,no,2,other,no,no,0.0,3.4530636202336153,60.0,18.5618
204,False,residential,30,no,no,1,other,no,no,0.0,173.914798606401,6.0,15.7597
205,False,residential,30,no,no,1,other,yes,no,0.0,14.056943433539978,6.0,15.8215
206,False,residential,30,no,no,1,other,no,no,0.0,14.586827340124616,6.0,14.8625
207,False,residential,30,no,no,1,other,no,no,0.0,13.724154096459955,4.0,13.1121
208,True,residential,30,no,no,1,other,no,no,0.0,6.910991383905966,4.0,17.0703
209,True,residential,30,no,no,1,other,no,no,0.0,84.45695474709419,3.0,16.2732
210,True,residential,30,no,no,1,other,yes,no,0.0,6.8756008202917185,1.0,9.10491
211,True,residential,30,no,no,1,other,yes,no,0.0,6.822570367553308,4.0,16.7342
212,True,residential,30,no,no,1,other,yes,no,0.0,6.908181298606014,1.0,12.3438
213,True,residential,30,no,no,1,other,yes,no,0.0,7.093679755445096,1.0,12.3469
214,True,residential,30,no,no,1,other,no,no,0.0,84.06417462103623,1.0,12.3409
215,True,residential,30,no,no,1,other,no,no,0.0,6.63028427077573,1.0,12.34
216,True,tertiary,50,no,no,1,other,no,no,0.0,3.2229644815202834,137.0,21.3361
217,False,residential,30,no,no,1,other,no,no,0.0,54.489072484899744,10.5,13.3838
218,True,cycleway,50,no,no,1,other,no,no,1.0,115.37447647122951,249.0,17.1961
219,True,residential,50,no,no,1,other,no,no,0.0,92.93697852400781,1.0,21.063
220,True,secondary,50,no,no,1,other,no,no,0.0,139.58388801141425,132.0,21.7482
221,True,secondary,50,no,no,1,other,no,no,1.0,24.504731486691327,1.0,25.7718
222,True,cycleway,50,no,no,1,other,no,no,1.0,42.84878028044375,41.5,20.792099999999998
223,True,tertiary,50,no,no,1,other,no,no,0.0,141.0294607157236,1.0,23.9613
224,False,tertiary,50,no,no,2,other,no,no,0.0,293.17076207055806,112.0,23.4456
225,False,residential,30,no,no,1,other,yes,no,0.0,262.99753053143235,1.0,17.9229
226,True,primary,50,no,no,3,other,no,no,0.0,76.27395158280477,3.0,32.7696
227,True,primary,50,no,no,2,other,no,no,0.0,43.290632972430714,4.0,32.2664
228,True,primary,50,no,no,2,other,no,no,1.0,307.3970573420302,4.0,35.0
229,False,residential,50,no,no,2,other,no,no,0.0,50.16448674734851,99.0,16.58605
230,True,residential,50,no,no,1,other,yes,no,0.0,21.587858432819658,1.0,10.2897
231,True,residential,50,no,no,1,other,no,no,0.0,6.2745480000236356,1.0,10.2893
232,True,residential,50,no,no,1,other,no,no,0.0,5.419568902294216,1.0,10.3003
233,True,residential,50,no,no,1,other,no,no,0.0,5.267641770455683,1.0,10.3003
234,True,primary,50,no,no,2,other,no,no,1.0,10.313106620218958,3.0,27.7216
235,True,primary,50,no,no,3,other,no,no,1.0,202.1287566846785,1.0,27.2089
236,True,primary,50,no,no,2,other,no,no,1.0,270.20903881448345,2.0,22.117
237,True,primary,50,no,no,2,other,no,no,0.0,22.197707294078796,6.0,31.0979
238,True,residential,50,no,no,1,other,no,no,0.0,93.19478422776835,23.0,13.0032
239,True,primary,50,no,no,2,other,no,no,0.0,79.7585185636794,3.0,35.0
240,True,cycleway,50,no,no,1,other,no,no,0.0,23.05393324813868,147.0,20.6516
241,True,residential,30,no,no,1,other,no,no,0.0,7.280631953452173,1.0,19.786
242,True,residential,30,no,no,1,other,yes,no,0.0,10.999832865860652,2.0,16.8166
243,True,residential,30,no,no,1,other,no,no,0.0,8.936596767636658,2.0,16.8089
244,True,residential,30,no,no,1,other,yes,no,0.0,9.180674911769781,1.0,19.8211
245,True,residential,30,no,no,1,other,no,no,0.0,158.05594299228898,1.0,18.5474
246,False,residential,50,no,no,1,other,no,no,0.0,44.653358581811844,4.0,10.264
247,False,residential,30,no,no,2,other,no,no,0.0,10.577158793200082,29.0,19.55675
248,False,residential,30,no,no,1,other,no,no,0.0,12.037678532176328,1.0,11.0914
249,True,residential,30,no,no,1,other,no,no,0.0,32.793784915960806,33.5,13.27495
250,False,residential,50,no,no,1,other,no,no,0.0,8.808761268357264,5.0,16.4902
251,True,residential,50,no,no,1,other,no,no,0.0,13.079551143856891,3.0,15.2786
252,True,residential,30,no,no,2,other,no,no,1.0,30.865954699507185,4.0,11.0812
253,True,residential,50,no,no,1,other,no,no,0.0,26.80427448512873,2.5,15.075949999999999
254,True,residential,50,no,no,1,other,no,no,0.0,213.42935760849394,61.0,19.58935
255,True,secondary,50,no,no,1,other,no,no,0.0,9.62736416685509,6.0,35.0
256,False,cycleway,50,no,no,1,other,no,no,1.0,7.9376704601622,283.0,15.90305
257,True,primary,50,no,no,2,other,no,no,1.0,169.57179774475267,1.0,35.0
258,True,primary,50,no,no,2,other,no,no,1.0,209.9672113759123,2.0,35.0
259,True,cycleway,50,yes,no,1,other,no,no,0.0,72.29579739762782,51.0,21.1086
260,True,cycleway,50,no,no,1,other,no,no,1.0,17.296047884047738,26.0,13.594
261,False,cycleway,50,no,no,1,other,no,no,1.0,1.3519167129161564,177.0,20.388
262,True,cycleway,50,no,no,1,other,no,no,1.0,52.24455604436323,53.0,13.9199
263,True,cycleway,50,no,no,1,other,no,no,1.0,52.24455604436323,53.0,13.9199
264,True,cycleway,50,no,no,1,other,no,no,1.0,52.29476273104713,33.0,16.7755
265,False,service,50,no,no,1,other,no,no,0.0,2.529373536520206,1.0,35.0
266,False,cycleway,50,no,no,1,other,no,no,1.0,40.388306987493046,259.0,18.7407
267,False,residential,30,no,no,2,other,no,no,0.0,14.899324884067767,41.0,15.4793
268,False,residential,30,no,no,2,other,yes,no,0.0,23.48939368444569,8.0,12.612
269,True,residential,30,no,no,1,other,no,no,0.0,18.152112377885143,4.0,11.4266
270,True,residential,30,no,no,1,other,no,no,0.0,10.524911988360897,4.0,11.4248
271,False,cycleway,50,no,no,1,other,no,no,1.0,5.11757807917919,233.0,15.6034
272,False,cycleway,50,no,no,1,other,no,no,1.0,5.11757807917919,233.0,15.6034
273,False,cycleway,50,no,no,1,other,no,no,1.0,5.11757807917919,233.0,15.6034
274,False,cycleway,50,no,no,1,other,no,no,1.0,5.11757807917919,233.0,15.6034
275,True,residential,50,no,no,1,other,no,no,0.0,31.846183928024985,27.0,17.3772
276,True,cycleway,50,no,no,1,other,yes,no,0.0,21.580346410017306,33.0,20.8453
277,True,cycleway,50,no,no,1,other,no,no,0.0,12.770356807805578,33.0,21.2673
278,False,residential,50,no,no,3,other,no,no,0.0,43.589002845488785,163.0,19.4618
279,False,residential,30,no,no,3,other,no,no,1.0,74.06983963285391,11.0,13.8116
280,True,residential,50,no,no,2,other,no,no,0.0,22.94167041062982,14.0,12.8638
281,True,residential,30,no,no,1,other,no,no,0.0,13.746712331023634,96.0,18.389
282,False,residential,50,no,no,2,other,no,no,0.0,18.48736712940603,82.0,17.8783
283,False,residential,50,no,no,1,other,no,no,0.0,20.02878730105895,4.0,11.5294
284,False,service,50,no,driveway,1,other,no,no,0.0,7.762770827985577,96.0,21.2092
285,False,residential,30,no,no,1,other,no,no,0.0,82.0795522587242,14.5,13.6592
286,True,residential,50,no,no,1,other,no,no,0.0,22.340700572915452,1.0,19.823
287,False,residential,30,no,no,1,other,yes,no,0.0,13.917885115592478,9.0,14.0464
288,False,residential,30,no,no,1,other,no,no,0.0,22.151217837028128,9.0,17.5313
289,False,cycleway,50,no,no,1,other,no,no,1.0,7.6149850920090865,147.0,12.053
290,False,cycleway,50,no,no,1,other,no,no,1.0,7.6149850920090865,147.0,12.053
291,True,residential,50,no,no,1,other,no,no,0.0,19.124162468599025,142.0,18.2674
292,True,cycleway,50,no,no,1,other,no,no,1.0,19.99323013279452,275.0,18.3959
293,False,cycleway,50,no,no,1,other,no,no,1.0,27.672667448626342,162.0,12.0342
294,True,residential,30,no,no,1,other,no,no,0.0,86.48139394132976,93.0,17.53535
295,True,cycleway,50,no,no,1,other,no,no,0.0,92.21330858181508,118.0,21.537300000000002
296,True,residential,50,no,no,1,other,no,no,0.0,21.673907782554455,1.0,15.1115
297,False,cycleway,50,no,no,1,other,no,no,1.0,14.112806984793203,738.0,20.1536
298,False,residential,50,no,no,3,other,no,no,1.0,17.431734508309244,83.0,17.8436
299,False,residential,50,yes,no,2,other,no,no,0.0,81.92352727505887,122.0,17.3285
300,False,residential,50,no,no,2,other,no,no,0.0,7.472322744218539,34.0,14.8033
301,False,residential,30,no,no,2,other,no,no,0.0,65.85648513004567,16.0,14.9414
302,True,secondary,50,no,no,1,other,no,no,0.0,349.420185163008,156.5,21.26795
303,False,residential,30,no,no,1,other,no,no,0.0,11.47847238610146,4.0,14.0298
304,False,path,50,no,no,1,other,no,no,0.0,11.631217333582816,40.0,21.327
305,False,residential,50,no,no,2,other,no,no,0.0,189.72364999833195,20.0,15.8632
306,False,cycleway,50,no,no,1,other,no,no,0.0,7.677730765485685,10.0,24.6817
307,True,cycleway,50,no,no,1,other,no,no,1.0,19.857910104156602,35.0,18.7737
308,True,cycleway,50,no,no,1,other,no,no,0.0,89.39913802301814,145.5,20.3578
309,False,residential,30,yes,no,2,other,no,no,0.0,30.52300912780648,202.0,16.9466
310,False,residential,30,no,no,2,other,no,no,0.0,18.200663787206857,202.0,16.9466
311,False,tertiary,50,no,no,1,other,no,no,0.0,124.54183673134862,190.5,20.56285
312,True,tertiary,50,no,no,1,other,no,no,0.0,15.419370472390208,148.0,21.9089
313,True,tertiary,50,no,no,1,other,no,no,0.0,99.14571286681912,121.0,22.4113
314,True,residential,50,no,no,1,other,no,no,0.0,17.137616579835697,31.0,16.1817
315,True,cycleway,50,no,no,1,other,no,no,1.0,17.47172851776522,346.0,21.4083
316,True,residential,50,no,no,1,other,no,no,0.0,5.790761997365417,2.0,19.721
317,True,residential,50,no,no,2,other,no,no,0.0,20.648185832134022,7.5,14.2671
318,True,primary,50,no,no,2,other,no,no,0.0,47.263661973077035,4.0,34.4749
319,True,primary,50,no,no,3,other,no,no,0.0,35.317789117236124,4.0,34.4749
320,True,primary,50,no,no,3,other,no,no,1.0,81.14002233333864,3.0,35.0
321,True,secondary,50,no,no,2,other,no,no,0.0,20.228864581080575,3.0,21.2575
322,False,residential,50,no,no,2,other,no,no,0.0,11.070599041609267,112.0,17.8846
323,True,cycleway,50,no,no,1,other,no,no,0.0,28.449224793640383,41.0,20.1282
324,False,residential,50,no,no,2,other,no,no,0.0,3.725047638581193,17.0,16.7062
325,True,secondary,50,no,no,3,other,no,no,1.0,122.70431999712615,2.0,28.75
326,True,residential,30,no,no,2,other,no,no,0.0,12.893892328546247,134.0,15.0209
327,True,cycleway,50,no,no,1,other,no,no,1.0,145.37466544552885,147.5,18.924599999999998
328,True,cycleway,50,no,no,1,other,no,no,1.0,12.754392777670015,248.0,15.5923
329,True,cycleway,50,no,no,1,other,no,no,0.0,2.5201132305952973,98.0,24.0344
330,True,cycleway,50,no,no,1,other,no,no,0.0,46.26795168903521,325.0,24.7815
331,True,cycleway,50,no,no,1,other,no,no,1.0,61.606577208502316,131.0,16.0095
332,False,residential,50,no,no,1,other,no,no,0.0,27.92182012436188,2.0,16.0942
333,True,residential,30,no,no,1,other,no,no,1.0,19.980184513512814,190.0,13.9678
334,False,residential,30,no,no,2,other,no,no,0.0,20.552539703675343,213.0,18.4801
335,False,residential,30,no,no,2,other,no,no,0.0,14.829730033921017,116.0,17.0722
336,False,residential,50,no,no,1,other,no,no,0.0,15.689052408474053,4.0,18.429650000000002
337,False,cycleway,50,no,no,1,other,no,no,0.0,8.721367071150997,758.0,21.6941
338,False,cycleway,50,no,no,1,other,no,no,0.0,15.250444158488607,759.0,22.7586
339,False,residential,50,no,no,1,other,no,no,0.0,6.50681158240647,7.0,18.3986
340,False,residential,50,no,no,2,other,no,no,0.0,4.121649962572293,8.0,13.9205
341,True,cycleway,50,yes,no,1,other,no,no,0.0,50.76530283049491,12.0,22.4797
342,False,residential,50,no,no,2,other,no,no,0.0,120.97234253617401,2.0,6.11747
343,True,residential,50,no,no,1,other,no,no,0.0,6.451778072803897,1.0,13.191
344,True,cycleway,50,no,no,1,other,no,no,0.0,4.422710350286967,40.0,21.327
345,True,cycleway,50,no,no,1,other,no,no,0.0,4.702900656077645,40.0,21.327
346,True,cycleway,50,no,no,1,other,no,no,0.0,10.630801453907912,40.0,21.327
347,True,cycleway,50,no,no,1,other,no,no,0.0,4.759083638862059,40.0,21.327
348,True,cycleway,50,no,no,1,other,no,no,0.0,34.00582414279096,40.0,21.327
349,True,cycleway,50,no,no,1,other,no,no,1.0,14.056168333544793,639.0,19.9243
350,False,service,50,no,parking_aisle,1,other,no,no,0.0,13.463879282046719,132.0,21.7482
351,False,service,50,no,no,1,other,no,no,0.0,27.42554902689991,132.0,21.7482
352,False,residential,50,no,no,1,other,no,no,0.0,37.34094367975018,16.0,18.6111
353,False,residential,30,no,no,2,other,no,no,0.0,12.103303410300855,1.0,12.477599999999999
354,True,cycleway,50,no,no,1,other,no,no,0.0,12.238791214252515,325.0,24.7815
355,True,cycleway,50,no,no,1,other,no,no,0.0,1.2608313272504832,325.0,24.7815
356,False,residential,30,no,no,2,other,no,no,0.0,77.87796900006255,1.0,9.74453
357,False,residential,30,no,no,2,other,no,no,0.0,3.3621391449799325,1.0,9.74453
358,False,residential,50,no,no,2,other,no,no,0.0,3.314957725108133,5.0,16.6347
359,False,residential,50,no,no,2,other,no,no,0.0,13.36303097203941,20.0,15.4855
360,False,residential,50,no,no,2,other,no,no,0.0,1.9256845004727996,20.0,15.4855
361,True,residential,30,no,no,1,other,no,no,0.0,54.76126733387841,1.0,9.46682
362,True,residential,30,no,no,1,other,no,no,0.0,109.00758297912708,1.0,13.0845
363,True,residential,30,no,no,1,other,no,no,0.0,81.01682832462855,1.0,15.2638
364,True,residential,30,no,no,1,other,no,no,0.0,55.49323258913491,1.0,16.7104
365,False,residential,30,no,no,1,other,no,no,0.0,4.325925435993585,2.0,19.563
366,True,residential,50,no,no,1,other,no,no,0.0,7.079186049379753,2.0,32.8025
367,False,path,50,no,no,1,other,no,no,0.0,2.8896582907533555,51.0,21.1086
368,False,path,50,no,no,1,other,no,no,0.0,3.672207327111893,51.0,21.1086
369,False,residential,50,no,no,3,other,no,no,0.0,5.728567868469247,34.0,14.8033
370,False,residential,50,no,no,3,other,no,no,0.0,21.795431156943806,8.0,11.1795
371,True,cycleway,50,no,no,1,other,no,no,1.0,21.72066053549078,24.0,12.083
372,True,cycleway,50,no,no,1,other,no,no,1.0,4.990560696468086,25.0,12.9393
373,True,cycleway,50,no,no,1,other,no,no,1.0,90.72561163533504,62.0,17.0314
374,True,cycleway,50,no,no,1,other,no,no,0.0,5.939874905705633,111.0,21.19005
375,True,cycleway,50,no,no,1,other,no,no,1.0,19.019539834398394,34.0,19.0637
376,False,residential,30,no,no,2,other,no,no,0.0,4.883904001553234,29.0,19.8606
377,False,cycleway,50,no,no,1,other,no,no,1.0,7.127716944807856,162.5,11.7212
378,False,cycleway,50,no,no,1,other,no,no,1.0,7.771422862574522,160.0,11.9472
379,False,cycleway,50,no,no,1,other,no,no,1.0,1.5510764662005951,170.0,13.0767
380,True,secondary,50,no,no,2,other,no,no,0.0,9.051567534723494,12.0,25.8553
381,True,cycleway,50,no,no,1,other,no,no,0.0,43.308482840986855,156.0,25.0457
382,False,cycleway,50,no,no,1,other,no,no,1.0,6.769389085977599,143.0,17.37305
383,False,cycleway,50,no,no,1,other,no,no,1.0,7.059226964061448,111.0,15.63295
384,False,cycleway,50,no,no,1,other,no,no,1.0,3.676979589399265,284.0,16.0042
385,False,cycleway,50,no,no,1,other,no,no,1.0,7.5882807372239744,283.0,15.8389
386,False,cycleway,50,no,no,1,other,no,no,1.0,11.173820676262675,215.0,17.44425
387,False,cycleway,50,no,no,1,other,no,no,1.0,1.6070069927260466,218.0,16.7643
